{
    "entries": {
        "Image": "Image",
        "TextCommand": "TextParser",
        "renameTextButton": "setText",
        "DefaultSound": "Sound",
        "bufferHandle": "bufferHandle",
        "endCallback": "endCallback",
        "Track": "Track",
        "Timer": "Timer",
        "run": "run",
        "gameMain": "game",
        "mapName": "mapName",
        "langUid": "langUid",
        "LangLabel": "LangLabel",
        "evaluate": "evaluate",
        "image": "image",
        "empty": "animMods",
        "screenPosition": "pos",
        "tint": "colorOverlays",
        "setPosition": "setPos",
        "proxyActions": "rootStep",
        "getLoadingState": "currentLoadingResource",
        "LoadMap": "preloadLevel",
        "gameMainBeginLoadMap": "preloadLevel",
        "CreateMap": "loadLevel",
        "gameMainLoadMap": "loadLevel",
        "systemHasFocusLost": "hasFocusLost",
        "currentAnimation": "currentAnim",
        "storageGlobals": "globalData",
        "TeleportPosition": "TeleportPosition",
        "Storage": "Storage",
        "storage": "storage",
        "BGM_SWITCH_MODE": "BGM_SWITCH_MODE",
        "stack": "trackStack",
        "BGM_TRACK_LIST": "BGM_TRACK_LIST",
        "bgm": "bgm",
        "mapConfig": "BGM_DEFAULT_TRACKS",
        "slowDownModifier": "factor",
        "Sound": "Sound",
        "active": "active",
        "entityList": "ENTITY",
        "baseEntity": "Entity",
        "interact": "interact",
        "GUI": "gui",
        "addEntry": "addEntry",
        "entries": "entries",
        "removeEntry": "removeEntry",
        "buttonManager": "buttonInteract",
        "callbackFunction": "onButtonPress",
        "Font": "Font",
        "addGui": "addChildGui",
        "GetAreaInfo": "onStorageSave",
        "Database": "database",
        "Inventory": "Inventory",
        "inventory": "inventory",
        "paramCurrentHp": "currentHp",
        "party": "party",
        "stats": "stats",
        "proxies": "proxies",
        "PlayerConfig": "PlayerConfig",
        "param": "params",
        "CLEAR_SIDE": "clearSide",
        "playerModelInstance": "model",
        "GuiArray": "buttons",
        "button": "button",
        "buttonGroup": "buttonGroup",
        "buttons": "buttons",
        "GuiConfig": "hook",
        "init": "init",
        "header": "header",
        "optionsLoadGlobals": "onStorageGlobalLoad",
        "values": "values",
        "OPTIONS_DEFINITION": "OPTIONS_DEFINITION",
        "Model": "Model",
        "addObserver": "addObserver",
        "getMapName": "mapName",
        "fontsystem": "fontsystem",
        "autoSlotMiss": "autoSlotMiss",
        "enterPrevSubState": "enterPrevSubState",
        "saveSlotList": "slots",
        "addTextButton": "_createButton",
        "Gui": "GUI",
        "lines": "names",
        "CreditsObject": "credits",
        "getStat": "getMap",
        "addButton": "addButton",
        "activate": "activate",
        "OPTION_CATEGORY": "OPTION_CATEGORY",
        "optionsTabBoxTab": "tabs",
        "optionsTabBoxTabArray": "tabArray",
        "optionsTabBoxCreateTabButton": "_createTabButton",
        "OptionsTabBox": "OptionsTabBox",
        "OptionsMenu": "OptionsTabBox",
        "isInCombat": "isCombatRankActive",
        "playerInstance": "playerEntity",
        "events": "EVENT_STEP",
        "loopEnd": "loopEnd",
        "intro": "introPath",
        "introEnd": "introEnd",
        "BGMpath": "track",
        "COMBATANT_PARTY": "COMBATANT_PARTY",
        "currentState": "currentState",
        "EnemyType": "EnemyType",
        "combatActions": "ACTION_STEP",
        "setTarget": "setTarget",
        "VoiceActing": "voiceActing",
        "jump": "doJump",
        "animation": "animState",
        "SIDE": "MESSAGE_SIDES_OR_ALL",
        "innerGUI": "gui",
        "Config": "voices",
        "Expressions": "expressions",
        "Sounds": "sounds",
        "VoiceActor": "VA_CONFIG",
        "gameMainLoadStart": "loadStart",
        "gameMainTeleport": "teleport",
        "currentSubState": "currentSubState",
        "AnimationState": "AnimationState",
        "TeleportPositionFromJson": "createFromJson",
        "paramGetStat": "getStat",
        "GuiScreen": "GUI",
        "optionsTabBoxRearrangeTabs": "_rearrangeTabs",
        "ButtonListBox": "ButtonListBox",
        "Combat": "Combat",
        "SaveSlotButton": "SaveSlotButton",
        "activeCombatants": "activeCombatants",
        "anims": "animations",
        "cacheList": "cacheList",
        "entityKill": "kill",
        "entityPosition": "pos",
        "gameMainSpawnEntity": "spawnEntity",
        "notifyObserver": "notifyObserver",
        "entityData": "coll"
    },
    "hash": "final",
    "tree": {
        "type": "object",
        "name": "cc",
        "children": [{
            "type": "object",
            "name": "ig",
            "children": [{
                "type": "static",
                "name": "bgm",
                "compiled": "bgm",
                "parent": "ig"
            }, {
                "type": "static",
                "name": "BGM_TRACK_LIST",
                "compiled": "BGM_TRACK_LIST",
                "parent": "ig"
            }, {
                "type": "dynamic",
                "name": "saveSlotList",
                "compiled": "slots",
                "parent": "cc.ig.storage"
            }, {
                "type": "static",
                "name": "interact",
                "compiled": "interact",
                "parent": "ig"
            }, {
                "type": "static",
                "name": "GUI",
                "compiled": "gui",
                "parent": "ig"
            }, {
                "type": "static",
                "name": "gameMain",
                "compiled": "game",
                "parent": "ig"
            }, {
                "type": "static",
                "name": "entityList",
                "compiled": "ENTITY",
                "parent": "ig"
            }, {
                "type": "static",
                "name": "baseEntity",
                "compiled": "Entity",
                "parent": "ig"
            }, {
                "type": "static",
                "name": "events",
                "compiled": "EVENT_STEP",
                "parent": "ig"
            }, {
                "type": "static",
                "name": "Font",
                "compiled": "Font",
                "parent": "ig"
            }, {
                "type": "static",
                "name": "combatActions",
                "compiled": "ACTION_STEP",
                "parent": "ig"
            }, {
                "type": "static",
                "name": "Storage",
                "compiled": "Storage",
                "parent": "ig"
            }, {
                "type": "static",
                "name": "storage",
                "compiled": "storage",
                "parent": "ig"
            }, {
                "type": "dynamic",
                "name": "playerInstance",
                "compiled": "playerEntity",
                "parent": "cc.ig.gameMain"
            }, {
                "type": "dynamic",
                "name": "getMapName",
                "compiled": "mapName",
                "parent": "cc.ig.gameMain"
            }, {
                "type": "static",
                "name": "BGM_SWITCH_MODE",
                "compiled": "BGM_SWITCH_MODE",
                "parent": "ig"
            }, {
                "type": "object",
                "name": "gameMain",
                "children": [{
                    "type": "dynamic",
                    "name": "getLoadingState",
                    "compiled": "currentLoadingResource",
                    "parent": "cc.ig.gameMain"
                }, {
                    "type": "static",
                    "name": "LoadMap",
                    "compiled": "preloadLevel",
                    "parent": "cc.ig.gameMain"
                }, {
                    "type": "raw",
                    "name": "CreateMap",
                    "compiled": "loadLevel"
                }]
            }, {
                "type": "object",
                "name": "bgm",
                "children": [{
                    "type": "object",
                    "name": "varNames",
                    "children": [{
                        "type": "raw",
                        "name": "intro",
                        "compiled": "introPath"
                    }, {
                        "type": "raw",
                        "name": "loopEnd",
                        "compiled": "loopEnd"
                    }, {
                        "type": "raw",
                        "name": "introEnd",
                        "compiled": "introEnd"
                    }, {
                        "type": "raw",
                        "name": "bufferHandle",
                        "compiled": "bufferHandle"
                    }, {
                        "type": "raw",
                        "name": "endCallback",
                        "compiled": "endCallback"
                    }]
                }, {
                    "type": "static",
                    "name": "mapConfig",
                    "compiled": "BGM_DEFAULT_TRACKS",
                    "parent": "ig"
                }, {
                    "type": "static",
                    "name": "stack",
                    "compiled": "trackStack",
                    "parent": "cc.ig.bgm"
                }]
            }, {
                "type": "object",
                "name": "interact",
                "children": [{
                    "type": "static",
                    "name": "addEntry",
                    "compiled": "addEntry",
                    "parent": "cc.ig.interact"
                }, {
                    "type": "static",
                    "name": "removeEntry",
                    "compiled": "removeEntry",
                    "parent": "cc.ig.interact"
                }, {
                    "type": "static",
                    "name": "entries",
                    "compiled": "entries",
                    "parent": "cc.ig.interact"
                }]
            }, {
                "type": "object",
                "name": "varNames",
                "children": [
                    {
                    "type": "raw",
                    "name": "gameMainLoadStart",
                    "compiled": "loadStart"
                }, {
                    "type": "raw",
                    "name": "param",
                    "compiled": "params"
                }, {
                    "type": "raw",
                    "name": "paramGetStat",
                    "compiled": "getStat"
                }, {
                    "type": "raw",
                    "name": "gameMainSpawnEntity",
                    "compiled": "spawnEntity"
                }, {
                    "type": "raw",
                    "name": "TeleportPosition",
                    "compiled": "TeleportPosition"
                }, {
                    "type": "raw",
                    "name": "TeleportPositionFromJson",
                    "compiled": "createFromJson"
                }, {
                    "type": "raw",
                    "name": "systemHasFocusLost",
                    "compiled": "hasFocusLost"
                }, {
                    "type": "raw",
                    "name": "animation",
                    "compiled": "animState"
                }, {
                    "type": "raw",
                    "name": "currentAnimation",
                    "compiled": "currentAnim"
                }, {
                    "type": "raw",
                    "name": "mapName",
                    "compiled": "mapName"
                }, {
                    "type": "raw",
                    "name": "entityData",
                    "compiled": "coll"
                }, {
                    "type": "raw",
                    "name": "entityPosition",
                    "compiled": "pos"
                }, {
                    "type": "raw",
                    "name": "entityKill",
                    "compiled": "kill"
                }, {
                    "type": "raw",
                    "name": "run",
                    "compiled": "run"
                }, {
                    "type": "raw",
                    "name": "proxies",
                    "compiled": "proxies"
                }, {
                    "type": "raw",
                    "name": "proxyActions",
                    "compiled": "rootStep"
                }, {
                    "type": "raw",
                    "name": "slowDownModifier",
                    "compiled": "factor"
                }, {
                    "type": "raw",
                    "name": "innerGUI",
                    "compiled": "gui"
                }, {
                    "type": "raw",
                    "name": "jump",
                    "compiled": "doJump"
                }, {
                    "type": "raw",
                    "name": "AnimationState",
                    "compiled": "AnimationState"
                }, {
                    "type": "raw",
                    "name": "gameMainTeleport",
                    "compiled": "teleport"
                }, {
                    "type": "raw",
                    "name": "gameMainLoadMap",
                    "compiled": "loadLevel"
                }, {
                    "type": "raw",
                    "name": "gameMainBeginLoadMap",
                    "compiled": "preloadLevel"
                }, {
                    "type": "raw",
                    "name": "storageGlobals",
                    "compiled": "globalData"
                }, {
                    "type": "raw",
                    "name": "currentState",
                    "compiled": "currentState"
                }, {
                    "type": "raw",
                    "name": "BGMpath",
                    "compiled": "track"
                }, {
                    "type": "raw",
                    "name": "Gui",
                    "compiled": "GUI"
                }, {
                    "type": "raw",
                    "name": "addGui",
                    "compiled": "addChildGui"
                }, {
                    "type": "raw",
                    "name": "anims",
                    "compiled": "animations"
                }, {
                    "type": "raw",
                    "name": "image",
                    "compiled": "image"
                }, {
                    "type": "raw",
                    "name": "tint",
                    "compiled": "colorOverlays"
                }, {
                    "type": "raw",
                    "name": "empty",
                    "compiled": "animMods"
                }, {
                    "type": "raw",
                    "name": "paramCurrentHp",
                    "compiled": "currentHp"
                }, {
                    "type": "raw",
                    "name": "setTarget",
                    "compiled": "setTarget"
                }, {
                    "type": "raw",
                    "name": "activate",
                    "compiled": "activate"
                }]
            }, {
                "type": "object",
                "name": "GUI",
                "children": [{
                    "type": "object",
                    "name": "interact",
                    "children": [{
                        "type": "raw",
                        "name": "buttonManager",
                        "compiled": "buttonInteract"
                    }, {
                        "type": "raw",
                        "name": "button",
                        "compiled": "buttonGroup"
                    }]
                }, {
                    "type": "raw",
                    "name": "setPosition",
                    "compiled": "setPos"
                }, {
                    "type": "raw",
                    "name": "screenPosition",
                    "compiled": "pos"
                }, {
                    "type": "raw",
                    "name": "GuiConfig",
                    "compiled": "hook"
                }, {
                    "type": "raw",
                    "name": "GuiArray",
                    "compiled": "buttons"
                }, {
                    "type": "raw",
                    "name": "renameTextButton",
                    "compiled": "setText"
                }, {
                    "type": "raw",
                    "name": "addTextButton",
                    "compiled": "_createButton"
                }, {
                    "type": "raw",
                    "name": "callbackFunction",
                    "compiled": "onButtonPress"
                }, {
                    "type": "raw",
                    "name": "addButton",
                    "compiled": "addButton"
                }, {
                    "type": "raw",
                    "name": "buttonGroup",
                    "children": "buttonGroup"
                }]
            }, {
                "type": "object",
                "name": "GuiScreen",
                "children": [{
                    "type": "object",
                    "name": "varNames",
                    "children": [{
                        "type": "raw",
                        "name": "lines",
                        "compiled": "names"
                    }, {
                        "type": "raw",
                        "name": "CreditsObject",
                        "compiled": "credits"
                    }]
                }]
            }, {
                "type": "static",
                "name": "GuiScreen",
                "compiled": "GUI",
                "parent": "ig"
            }, {
                "type": "object",
                "name": "Database",
                "children": []
            }, {
                "type": "static",
                "name": "Database",
                "compiled": "database",
                "parent": "ig"
            }, {
                "type": "object",
                "name": "TextCommand",
                "children": [{
                    "type": "static",
                    "name": "evaluate",
                    "compiled": "evaluate",
                    "parent": "cc.ig.TextCommand"
                }]
            }, {
                "type": "static",
                "name": "TextCommand",
                "compiled": "TextParser",
                "parent": "ig"
            }, {
                "type": "static",
                "name": "DefaultSound",
                "compiled": "Sound",
                "parent": "ig"
            }, {
                "type": "static",
                "name": "LangLabel",
                "compiled": "LangLabel",
                "parent": "ig"
            }, {
                "type": "object",
                "name": "LangLabel",
                "children": [{
                    "type": "object",
                    "name": "varNames",
                    "children": [{
                        "type": "raw",
                        "name": "langUid",
                        "compiled": "langUid"
                    }]
                }]
            }, {
                "type": "object",
                "name": "Gui",
                "children": []
            }, {
                "type": "static",
                "name": "Gui",
                "compiled": "GUI",
                "parent": "ig"
            }, {
                "type": "static",
                "name": "cacheList",
                "compiled": "cacheList",
                "parent": "ig"
            }, {
                "type": "static",
                "name": "Image",
                "compiled": "Image",
                "parent": "ig"
            }, {
                "type": "static",
                "name": "Sound",
                "compiled": "Sound",
                "parent": "ig"
            }, {
                "type": "static",
                "name": "Track",
                "compiled": "Track",
                "parent": "ig"
            }]
        }, {
            "type": "object",
            "name": "sc",
            "children": [{
                "type": "static",
                "name": "PlayerConfig",
                "compiled": "PlayerConfig",
                "parent": "sc"
            }, {
                "type": "static",
                "name": "EnemyType",
                "compiled": "EnemyType",
                "parent": "sc"
            }, {
                "type": "static",
                "name": "Inventory",
                "compiled": "Inventory",
                "parent": "sc"
            }, {
                "type": "static",
                "name": "inventory",
                "compiled": "inventory",
                "parent": "sc"
            }, {
                "type": "static",
                "name": "party",
                "compiled": "party",
                "parent": "sc"
            }, {
                "type": "static",
                "name": "playerModelInstance",
                "compiled": "model",
                "parent": "sc"
            }, {
                "type": "static",
                "name": "stats",
                "compiled": "stats",
                "parent": "sc"
            }, {
                "type": "static",
                "name": "fontsystem",
                "compiled": "fontsystem",
                "parent": "sc"
            }, {
                "type": "object",
                "name": "stats",
                "children": [{
                    "type": "static",
                    "name": "getStat",
                    "compiled": "getMap",
                    "parent": "cc.sc.stats"
                }]
            }, {
                "type": "static",
                "name": "OPTIONS_DEFINITION",
                "compiled": "OPTIONS_DEFINITION",
                "parent": "sc"
            }, {
                "type": "static",
                "name": "OPTION_CATEGORY",
                "compiled": "OPTION_CATEGORY",
                "parent": "sc"
            }, {
                "type": "static",
                "name": "OptionsMenu",
                "compiled": "OptionsTabBox",
                "parent": "sc"
            }, {
                "type": "static",
                "name": "OptionsTabBox",
                "compiled": "OptionsTabBox",
                "parent": "sc"
            }, {
                "type": "object",
                "name": "varNames",
                "children": [{
                    "type": "raw",
                    "name": "init",
                    "compiled": "init"
                }, {
                    "type": "raw",
                    "name": "optionsTabBoxTab",
                    "compiled": "tabs"
                }, {
                    "type": "raw",
                    "name": "optionsTabBoxTabArray",
                    "compiled": "tabArray"
                }, {
                    "type": "raw",
                    "name": "optionsTabBoxRearrangeTabs",
                    "compiled": "_rearrangeTabs"
                }, {
                    "type": "raw",
                    "name": "optionsTabBoxCreateTabButton",
                    "compiled": "_createTabButton"
                }, {
                    "type": "raw",
                    "name": "optionsLoadGlobals",
                    "compiled": "onStorageGlobalLoad"
                }, {
                    "type": "raw",
                    "name": "isInCombat",
                    "compiled": "isCombatRankActive"
                }, {
                    "type": "raw",
                    "name": "activeCombatants"
                }, {
                    "type": "raw",
                    "name": "autoSlotMiss",
                    "compiled": "autoSlotMiss"
                }]
            }, {
                "type": "static",
                "name": "VoiceActor",
                "compiled": "VA_CONFIG",
                "parent": "sc"
            }, {
                "type": "object",
                "name": "VoiceActor",
                "children": [{
                    "type": "object",
                    "name": "varNames",
                    "children": [{
                        "type": "raw",
                        "name": "Expressions",
                        "compiled": "expressions"
                    }, {
                        "type": "raw",
                        "name": "Sounds",
                        "compiled": "sounds"
                    }, {
                        "type": "raw",
                        "name": "Sounds",
                        "compiled": "sounds"
                    }]
                }]
            }, {
                "type": "static",
                "name": "VoiceActing",
                "compiled": "voiceActing",
                "parent": "sc"
            }, {
                "type": "object",
                "name": "VoiceActing",
                "children": [{
                    "type": "object",
                    "name": "varNames",
                    "children": [{
                        "type": "raw",
                        "name": "Config",
                        "compiled": "voices"
                    }, {
                        "type": "raw",
                        "name": "active",
                        "compiled": "active"
                    }]
                }]
            }, {
                "type": "static",
                "name": "SIDE",
                "compiled": "MESSAGE_SIDES_OR_ALL",
                "parent": "sc"
            }, {
                "type": "object",
                "name": "Message",
                "children": [{
                    "type": "static",
                    "name": "CLEAR_SIDE",
                    "compiled": "clearSide",
                    "parent": "sc.message"
                }]
            }, {
                "type": "static",
                "name": "GetAreaInfo",
                "compiled": "onStorageSave",
                "parent": "sc.map"
            }, {
                "type": "static",
                "name": "Model",
                "compiled": "Model",
                "parent": "sc"
            }, {
                "type": "object",
                "name": "Model",
                "children": [{
                    "type": "static",
                    "name": "addObserver",
                    "compiled": "addObserver",
                    "parent": "cc.sc.Model"
                }, {
                    "type": "static",
                    "name": "notifyObserver",
                    "compiled": "notifyObserver",
                    "parent": "cc.sc.Model"
                }]
            }, {
                "type": "static",
                "name": "Combat",
                "compiled": "Combat",
                "parent": "sc"
            }, {
                "type": "static",
                "name": "COMBATANT_PARTY",
                "compiled": "COMBATANT_PARTY",
                "parent": "sc"
            }, {
                "type": "static",
                "name": "ButtonListBox",
                "compiled": "ButtonListBox",
                "parent": "sc"
            }, {
                "type": "static",
                "name": "SaveSlotButton",
                "compiled": "SaveSlotButton",
                "parent": "sc"
            }]
        }]
    }
}